pid,order,label,shelf,shelf_label,sa,area,creator,contributor,subject,description,publisher,_date,type,format,identifier,source,download,download_type,download_size,stored_here,language,coverage,rights
tc-r01,01,Twelve Years Later: Second ASSAf Report on Research Publishing in and from South Africa,research,Research,yes,Library & Information Science,Academy of Science of South Africa (ASSAf),,Scholarly publishing; open access; research output; journals; South Africa; publishing costs,"A national consensus study on how South African research is published, including how local authors can reach global publishers and the costs involved. Useful background for understanding why transformational agreements matter.",Academy of Science of South Africa,2019,Consensus study report,"PDF, 10.6 MB; HTML",hdl:20.500.11911/114,https://research.assaf.org.za/handle/20.500.11911/114,https://research.assaf.org.za/bitstreams/72cf8bad-88e6-4c12-a8cc-1bf38273d122/download,PDF,10.6 MB,no,en,South Africa,Open access (ASSAf Research Repository)
tc-r02,02,Report of the Presidential Commission on the Fourth Industrial Revolution,research,Research,yes,Law & Governance,Presidential Commission on the Fourth Industrial Revolution,,Fourth Industrial Revolution; 4IR; artificial intelligence; digital skills; policy; governance; South Africa,"South Africa's national plan for the Fourth Industrial Revolution, with recommendations on AI, data, infrastructure and digital skills. Published in the Government Gazette.",South African Government (Government Gazette No. 43834),2020,Government report,"PDF, 9.2 MB; HTML","Government Gazette 43834, 23 October 2020",https://www.gov.za/documents/notices/report-presidential-commission-4th-industrial-revolution-23-oct-2020,/downloads/Presidential_Commission_4IR_Report_2020.pdf,PDF,9.2 MB,yes,en,South Africa,Public government document
tc-r03,03,Engineering for Sustainable Development: Delivering on the Sustainable Development Goals,research,Research,no,Engineering & Technology,UNESCO; International Centre for Engineering Education (ICEE),,Engineering; sustainable development; SDGs; infrastructure; engineering education; built environment,"UNESCO report on how engineering contributes to each of the 17 Sustainable Development Goals, with case studies on water, energy, infrastructure and engineering education.",UNESCO,2021,Report,"PDF, 185 pages; HTML",ISBN 978-92-3-100437-7,https://unesdoc.unesco.org/ark:/48223/pf0000375644,https://unesdoc.unesco.org/ark:/48223/pf0000375644/PDF/375644eng.pdf.multi,PDF,185 pages,no,en,International,CC BY-SA 3.0 IGO
tc-r04,04,"The Climate-Smart Agriculture Papers: Investigating the Business of a Productive, Resilient and Low Emission Future",research,Research,no,Environmental & Agricultural Sciences,"Rosenstock, T. S.; Nowak, A.; Girvetz, E.",Editors,Climate-smart agriculture; climate change; food security; sustainability; Africa; farming,"Open-access book of research papers on farming that stays productive while adapting to climate change and lowering emissions, with many African case studies.","Springer, Cham",2019,Book (edited),"PDF, 8.9 MB; HTML",doi:10.1007/978-3-319-92798-5,https://doi.org/10.1007/978-3-319-92798-5,/downloads/Rosenstock_2019_Climate_Smart_Agriculture_Papers.pdf,PDF,8.9 MB,yes,en,International,CC BY 4.0
tc-r05,05,The 2025 AI Index Report,research,Research,no,Computer Science,Stanford Institute for Human-Centered Artificial Intelligence (HAI),,Artificial intelligence; machine learning; AI policy; AI in education; computing,"Annual, data-driven report tracking progress in AI research, industry, policy, education and public opinion worldwide.",Stanford University,2025,Report,"PDF, 30 MB; HTML",Stanford HAI AI Index 2025,https://hai.stanford.edu/ai-index/2025-ai-index-report,https://hai.stanford.edu/assets/files/hai_ai_index_report_2025.pdf,PDF,30 MB,no,en,International,Free to read (licence on publisher site)
tc-j01,06,Digital twinning in conceptualising metaversity academic library information hubs,journal,Journal articles,yes,Library & Information Science,"Jacobs, L.; Wessels, L.",,Academic libraries; digital twins; metaverse; information hubs; library innovation,Peer-reviewed article exploring how 'digital twin' technology could shape virtual academic library spaces for future universities.,"South African Journal of Library and Information Science, 90(2)",2024,Journal article (peer reviewed),"PDF, 0.3 MB; HTML",doi:10.7553/90-2-2386,https://doi.org/10.7553/90-2-2386,/downloads/Jacobs_Wessels_2024_Digital_Twinning_Library.pdf,PDF,0.3 MB,yes,en,South Africa,CC BY-SA 4.0
tc-j02,07,Hybrid Transformer-Based Large Language Models for Word Sense Disambiguation in the Low-Resource Sesotho sa Leboa Language,journal,Journal articles,yes,Computer Science,"Masethe, H. D.; Masethe, M. A.; Ojo, S. O.; Owolawi, P. A.; Giunchiglia, F.",,Natural language processing; large language models; transformers; African languages; Sesotho sa Leboa; artificial intelligence,"Builds hybrid deep-learning models that help computers tell apart the different meanings of the same word in Sesotho sa Leboa, a low-resource South African language.","Applied Sciences, 15(7), 3608",2025,Journal article (peer reviewed),PDF; HTML,doi:10.3390/app15073608,https://doi.org/10.3390/app15073608,https://www.mdpi.com/2076-3417/15/7/3608/pdf,PDF,,no,en,South Africa,CC BY 4.0
tc-j03,08,"Community-orientated primary health care: Exploring the interface between community health worker programmes, the health system and communities in South Africa",journal,Journal articles,yes,Health Sciences,"Malatji, H.; Griffiths, F.; Goudge, J.",,Public health; primary health care; community health workers; clinical and community health; health systems; South Africa,"Qualitative study of how community health worker teams connect households with clinics, and what helps or blocks that link.","PLOS Global Public Health, 3(2), e0000881",2023,Journal article (peer reviewed),"PDF, 0.4 MB; HTML",doi:10.1371/journal.pgph.0000881,https://doi.org/10.1371/journal.pgph.0000881,/downloads/Malatji_2023_Community_Health_Workers_SA.pdf,PDF,0.4 MB,yes,en,South Africa,CC BY 4.0
tc-j04,09,Contextual factors influencing entrepreneurship education at a South African University of Technology,journal,Journal articles,yes,Business & Management,"Price, K.; Ronnie, L.",,Entrepreneurship education; university of technology; strategy; start-ups; organisational behaviour; South Africa,"Looks at what helps and what holds back entrepreneurship teaching at a South African university of technology, the same type of university as DUT.","The Southern African Journal of Entrepreneurship and Small Business Management, 13(1), a394",2021,Journal article (peer reviewed),"PDF, 0.9 MB; HTML",doi:10.4102/sajesbm.v13i1.394,https://doi.org/10.4102/sajesbm.v13i1.394,/downloads/Price_Ronnie_2021_Entrepreneurship_Education_UoT.pdf,PDF,0.9 MB,yes,en,South Africa,CC BY 4.0
tc-j05,10,Prioritising Command-and-Control Over Collaborative Governance: The Role of the Information Regulator Under the Protection of Personal Information Act,journal,Journal articles,yes,Law & Governance,"Bronstein, V.",,POPIA; data protection; privacy law; Information Regulator; governance; legal analysis; South Africa,"Legal analysis of how South Africa's Information Regulator enforces POPIA, the law that protects personal information, and whether a more collaborative approach would work better.","Potchefstroom Electronic Law Journal (PELJ), 25",2022,Journal article (peer reviewed),"PDF, 0.5 MB; HTML",doi:10.17159/1727-3781/2022/v25i0a11661,https://doi.org/10.17159/1727-3781/2022/v25i0a11661,/downloads/Bronstein_2022_Information_Regulator_POPIA.pdf,PDF,0.5 MB,yes,en,South Africa,CC BY 4.0
tc-j06,11,Interactive pedagogy elevating learners as producers of knowledge in the isiZulu classroom,journal,Journal articles,yes,Education,"Ntshangase, S. Z.",,Pedagogy; classroom practice; curriculum; isiZulu; learner participation; KwaZulu-Natal; South Africa,Shows how interactive teaching methods in isiZulu classrooms turn learners from passive listeners into people who create knowledge.,"South African Journal of Education, 42(2)",2022,Journal article (peer reviewed),"PDF, 0.3 MB; HTML",doi:10.15700/saje.v42n2a2095,https://doi.org/10.15700/saje.v42n2a2095,/downloads/Ntshangase_2022_Interactive_Pedagogy_isiZulu.pdf,PDF,0.3 MB,yes,en,South Africa,Open access
tc-j07,12,The state of OA: a large-scale analysis of the prevalence and impact of Open Access articles,journal,Journal articles,no,Library & Information Science,"Piwowar, H.; Priem, J.; Larivière, V.; Alperin, J. P.; et al.",,Open access; scholarly communication; citations; publishing; libraries,Large study estimating how much of the research literature is freely readable and whether open-access articles are cited more.,"PeerJ, 6, e4375",2018,Journal article (peer reviewed),PDF; HTML,doi:10.7717/peerj.4375,https://doi.org/10.7717/peerj.4375,https://peerj.com/articles/4375.pdf,PDF,,no,en,International,CC BY 4.0
tc-j08,13,Seasonality regulates the taxonomic and functional compositions of protists responding to climate warming in forest ecosystems,journal,Journal articles,no,Environmental & Agricultural Sciences,"Li, F.; Sun, A.; Liu, X.; Ren, P.; Wu, B.-X.; Shen, J.-P.; et al.",,Ecology; climate warming; soil protists; forest ecosystems; sustainability,"Field study showing that the season changes how tiny soil organisms respond to a warming climate, which matters for forest and soil health.","Journal of Sustainable Agriculture and Environment, 2(4), 529–540",2023,Journal article (peer reviewed),PDF; HTML,doi:10.1002/sae2.12068,https://doi.org/10.1002/sae2.12068,https://onlinelibrary.wiley.com/doi/pdf/10.1002/sae2.12068,PDF,,no,en,International,CC BY 4.0
tc-t01,14,Digital literacy instruction in academic libraries in KwaZulu-Natal,thesis,Theses & dissertations,yes,Library & Information Science,"Khumalo, A.","Supervisors: Rajkoomar, M.; Rajagopaul, A.",Digital literacy; subject librarians; digital skills; academic libraries; KwaZulu-Natal,"DUT study of how subject librarians in KwaZulu-Natal use technology to teach digital literacy, and which digital skills they still need.",Durban University of Technology,2022,Master's dissertation,"PDF, 3.2 MB; HTML",doi:10.51415/10321/4666,https://doi.org/10.51415/10321/4666,https://openscholar.dut.ac.za/server/api/core/bitstreams/eaf5c58e-32bc-4a33-9f96-b37d9c764194/content,PDF,3.2 MB,no,en,South Africa,Open access (DUT Open Scholar)
tc-t02,15,"The role of school libraries in teaching and learning in the Umhlali Circuit, ILembe District, KwaZulu-Natal: a case study of Dinuphozo Primary School library",thesis,Theses & dissertations,yes,Education,"Mnyandu, P.","Supervisor: Nsibirwa, Z. G.",School libraries; teaching and learning; teacher-librarians; curriculum; KwaZulu-Natal,"Case study of one KwaZulu-Natal primary school showing how its library supports teaching, and why staff need basic library training.","University of KwaZulu-Natal, Pietermaritzburg",2023,Master's dissertation,"PDF, 2.0 MB; HTML",doi:10.29086/10413/23104,https://doi.org/10.29086/10413/23104,https://researchspace.ukzn.ac.za/server/api/core/bitstreams/5d860e53-f073-46b7-8245-c861a94bb102/content,PDF,2.0 MB,no,en,South Africa,Open access (UKZN ResearchSpace)
tc-t03,16,A symbolic analysis of relay and switching circuits,thesis,Theses & dissertations,no,Engineering & Technology,"Shannon, C. E.",,Boolean algebra; switching circuits; digital logic; electrical engineering; history of computing,"The 1940 master's thesis that showed Boolean algebra can design electrical switching circuits, the foundation of every digital computer.",Massachusetts Institute of Technology,1940,Master's thesis,"PDF, 17 MB; HTML",hdl:1721.1/11173,https://dspace.mit.edu/handle/1721.1/11173,https://dspace.mit.edu/server/api/core/bitstreams/0428777a-799c-45b7-a2ed-5207da683e53/content,PDF,17 MB,no,en,International,Open access (MIT DSpace)
tc-t04,17,Training recurrent neural networks,thesis,Theses & dissertations,no,Computer Science,"Sutskever, I.",,Recurrent neural networks; deep learning; machine learning; optimisation; artificial intelligence,"Doctoral thesis on methods that made recurrent neural networks practical to train, an important step towards modern language models.",University of Toronto,2013,Doctoral thesis (PhD),"PDF, 3.4 MB; HTML",University of Toronto PhD thesis,https://www.cs.utoronto.ca/~ilya/pubs/ilya_sutskever_phd_thesis.pdf,https://www.cs.utoronto.ca/~ilya/pubs/ilya_sutskever_phd_thesis.pdf,PDF,3.4 MB,no,en,International,Free to read (author's copy)
tc-t05,18,Connecting images and natural language,thesis,Theses & dissertations,no,Computer Science,"Karpathy, A.",,Computer vision; natural language processing; image captioning; neural networks; deep learning,Doctoral thesis on neural networks that describe images in plain sentences and find images from text.,Stanford University,2016,Doctoral thesis (PhD),"PDF, 14.7 MB; HTML",Stanford University PhD thesis,https://cs.stanford.edu/people/karpathy/main.pdf,https://cs.stanford.edu/people/karpathy/main.pdf,PDF,14.7 MB,no,en,International,Free to read (author's copy)
tc-b12,19,The symbiosis between information system project complexity and information system project success,book,Open textbooks & e-books,yes,Computer Science,"Marnewick, C.; Erasmus, W.; Joseph, N.",,Information systems; IT project management; project complexity; project success; software projects; South Africa,"Research book from the University of Johannesburg on why complex information system projects succeed or fail, based on South African IT project data.","AOSIS, Cape Town",2017,E-book (scholarly monograph),"PDF, 3.9 MB; HTML",doi:10.4102/aosis.2017.itpsc45,https://doi.org/10.4102/aosis.2017.itpsc45,/downloads/Marnewick_Erasmus_Joseph_2017_IS_Project_Complexity.pdf,PDF,3.9 MB,yes,en,South Africa,CC BY-NC-SA 4.0
tc-b13,20,Justice-based ethics: Challenging South African perspectives,book,Open textbooks & e-books,yes,Humanities,"Jones, C.",Editor,Ethics; justice; human dignity; culture; identity; history; South Africa,"Edited collection of South African scholars on justice, dignity and ethics in a society shaped by its history.","AOSIS, Cape Town",2018,E-book (edited collection),"PDF, 3.0 MB; HTML",doi:10.4102/aosis.2018.BK77,https://doi.org/10.4102/aosis.2018.bk77,/downloads/Jones_2018_Justice_Based_Ethics_SA.pdf,PDF,3.0 MB,yes,en,South Africa,CC BY-NC-SA 4.0
tc-b01,21,Inequality and Interdependence: Social Problems and Social Justice,book,Open textbooks & e-books,no,Social Sciences,"Puttman, K.; Antoine, P.; Burrows, K.; Howe, B. G.; Karena, N.; Szott, K.; Temple, A.",,Sociology; social problems; social justice; inequality; society; human behaviour,"Open sociology textbook on social problems such as poverty, health and environmental justice, with a focus on how people and communities depend on each other.",Open Oregon Educational Resources,2025,Open textbook,"PDF, 176 MB; HTML",openoregon.pressbooks.pub/socproblems1e,https://openoregon.pressbooks.pub/socproblems1e/,https://openoregon.pressbooks.pub/socproblems1e/open/download?type=pdf,PDF,176 MB,no,en,International,CC BY 4.0
tc-b02,22,"First Amendment: Cases, Controversies, and Contexts (2nd ed.)",book,Open textbooks & e-books,no,Law & Governance,"Robson, R.",,Constitutional law; First Amendment; freedom of speech; freedom of religion; casebook; legal analysis,"Law casebook on freedom of speech, press and religion, with court cases, commentary and questions. Useful for comparing with section 16 of South Africa's Bill of Rights.",CALI eLangdell Press,2020,Open textbook (casebook),"PDF, 8.4 MB; HTML","CALI eLangdell Press, 2nd edition",https://www.cali.org/sites/default/files/Robson_FirstAmendment_2dEd_2020-cover-Aug182023-ISBN.pdf,/downloads/Robson_First_Amendment_2e_2020.pdf,PDF,8.4 MB,yes,en,International,CC BY-NC-SA 4.0
tc-b03,23,"Earth, Space, and Environmental Science Explorations with ArcGIS Pro (2nd ed.)",book,Open textbooks & e-books,no,Environmental & Agricultural Sciences,"Cheung, W.",,GIS; ArcGIS Pro; environmental science; earth science; natural hazards; climate change; mapping,"Hands-on GIS workbook: each chapter uses ArcGIS Pro to explore a real question, from flood zones and wildfires to climate change and planning a Mars landing.","Wing Cheung, Palomar College (Open Textbook Library)",2023,Open textbook,"PDF, 14.6 MB; HTML",Open Textbook Library ID 1312,https://open.umn.edu/opentextbooks/textbooks/earth-space-and-environmental-science-explorations-with-arcgis-pro,/downloads/Cheung_ArcGIS_Pro_Explorations_2e.pdf,PDF,14.6 MB,yes,en,International,CC BY 4.0
tc-b04,24,Biology 2e,book,Open textbooks & e-books,no,Health Sciences,"Clark, M. A.; Douglas, M.; Choi, J.",,Biology; cells; genetics; evolution; ecology; human biology; life sciences,"Full first-year biology textbook covering cells, genetics, evolution, ecology and the human body.","OpenStax, Rice University",2018,Open textbook,"PDF, 401 MB; HTML",openstax.org/details/books/biology-2e,https://openstax.org/books/biology-2e/pages/1-introduction,https://assets.openstax.org/oscms-prodcms/media/documents/Biology-2e_-_WEB.pdf,PDF,401 MB,no,en,International,CC BY-NC-SA 4.0
tc-b05,25,Psychology 2e,book,Open textbooks & e-books,no,Social Sciences,"Spielman, R. M.; Jenkins, W. J.; Lovett, M. D.",,Psychology; human behaviour; cognition; learning; personality; social psychology,"Introductory psychology textbook on how people think, learn, feel and behave, including personality and social psychology.","OpenStax, Rice University",2020,Open textbook,"PDF, 58 MB; HTML",openstax.org/details/books/psychology-2e,https://openstax.org/books/psychology-2e/pages/1-introduction,https://assets.openstax.org/oscms-prodcms/media/documents/Psychology2e_WEB.pdf,PDF,58 MB,no,en,International,CC BY-NC-SA 4.0
tc-b06,26,Introduction to Sociology 3e,book,Open textbooks & e-books,no,Social Sciences,"Conerly, T. R.; Holmes, K.; Tamang, A. L.",,Sociology; society; culture; communication; social structures; human behaviour,"Introductory sociology textbook on society, culture, groups, inequality and social change.","OpenStax, Rice University",2021,Open textbook,"PDF, 48 MB; HTML",openstax.org/details/books/introduction-sociology-3e,https://openstax.org/details/books/introduction-sociology-3e,https://assets.openstax.org/oscms-prodcms/media/documents/introduction-sociology-3e_-_WEB.pdf,PDF,48 MB,no,en,International,CC BY-NC-SA 4.0
tc-b07,27,Entrepreneurship,book,Open textbooks & e-books,no,Business & Management,"Laverty, M.; Littel, C.",,Entrepreneurship; start-ups; business strategy; business planning; innovation,"Textbook that takes you from spotting an opportunity to building a business plan, with case studies of real entrepreneurs.","OpenStax, Rice University",2020,Open textbook,"PDF, 129 MB; HTML",openstax.org/details/books/entrepreneurship,https://openstax.org/details/books/entrepreneurship,https://assets.openstax.org/oscms-prodcms/media/documents/Entrepreneurship-WEB.pdf,PDF,129 MB,no,en,International,CC BY-NC-SA 4.0
tc-b08,28,Introduction to Industrial Engineering,book,Open textbooks & e-books,no,Engineering & Technology,"Boardman, B.",,Industrial engineering; systems; problem solving; teamwork; lean operations; engineering,"Short introduction to industrial engineering: systems thinking, problem solving, teamwork and lean operations.",Mavs Open Press (University of Texas at Arlington),2020,Open textbook,"EPUB, 3.4 MB; HTML",uta.pressbooks.pub/industrialengineeringintro,https://uta.pressbooks.pub/industrialengineeringintro/,/downloads/Boardman_Intro_Industrial_Engineering.epub,EPUB,3.4 MB,yes,en,International,CC BY 4.0
tc-b09,29,Engineering Statics: Open and Interactive,book,Open textbooks & e-books,no,Engineering & Technology,"Baker, D. W.; Haynes, W.",,Engineering statics; mechanics; forces; equilibrium; structures; mechanical engineering,"Interactive textbook on forces and equilibrium, the basis of structural and mechanical engineering.",Daniel Baker and William Haynes (Open Textbook Library),2020,Open textbook,"PDF, 25 MB; HTML",engineeringstatics.org,https://engineeringstatics.org/frontmatter.html,https://engineeringstatics.org/pdf/statics.pdf,PDF,25 MB,no,en,International,CC BY-NC-SA 4.0
tc-b10,30,Teaching in a Digital Age: Guidelines for Designing Teaching and Learning (3rd ed.),book,Open textbooks & e-books,no,Education,"Bates, A. W. (Tony)",,Pedagogy; curriculum design; online learning; digital classroom practice; higher education,"Guide to designing teaching for a digital world: choosing methods and media, online and blended learning, and quality.",BCcampus / Tony Bates Associates,2022,Open textbook,PDF; HTML,pressbooks.bccampus.ca/teachinginadigitalagev3m,https://pressbooks.bccampus.ca/teachinginadigitalagev3m/,https://pressbooks.bccampus.ca/teachinginadigitalagev3m/open/download?type=pdf,PDF,,no,en,International,CC BY-NC 4.0
tc-b11,31,Artificial Intelligence: Foundations of Computational Agents (3rd ed.),book,Open textbooks & e-books,no,Computer Science,"Poole, D. L.; Mackworth, A. K.",,Artificial intelligence; algorithms; search; machine learning; intelligent agents; computing systems,"University AI textbook covering search, reasoning, machine learning and intelligent agents. The full book is free to read online.",Cambridge University Press,2023,E-book (free online edition),HTML,artint.info/3e,https://artint.info/3e/html/ArtInt3e.html,,,,no,en,International,CC BY-NC-ND 4.0 (online edition)
